# duration,x^0,x^1,x^2,x^3,x^4,x^5,x^6,x^7,y^0,y^1,y^2,y^3,y^4,y^5,y^6,y^7,z^0,z^1,z^2,z^3,z^4,z^5,z^6,z^7,yaw^0,yaw^1,yaw^2,yaw^3,yaw^4,yaw^5,yaw^6,yaw^7
2.000000,0.085477,-0.000000,0.000000,4.382814,-8.205823,6.218603,-2.163661,0.285813,-0.005361,0.000000,0.000000,-0.561262,0.625217,-0.323563,0.079304,-0.007195,0.000000,0.000000,0.000000,0.000000,0.000000,0.000000,0.000000,0.000000,0.000000,0.000000,0.000000,0.000000,0.000000,0.000000,0.000000,0.000000
2.000000,0.959867,0.116961,-0.366958,1.349852,-2.321712,1.745218,-0.609851,0.081219,-0.691572,-0.610448,-0.049784,0.157163,-0.253115,0.201184,-0.070516,0.009153,0.000000,0.000000,0.000000,0.000000,0.000000,0.000000,0.000000,0.000000,0.000000,0.000000,0.000000,0.000000,0.000000,0.000000,0.000000,0.000000
2.000000,0.589907,-0.535347,-0.156694,0.491241,-0.869337,0.707655,-0.264323,0.037263,-1.807699,-0.367143,0.140078,0.022667,0.056748,-0.069361,0.028740,-0.004196,0.000000,0.000000,0.000000,0.000000,0.000000,0.000000,0.000000,0.000000,0.000000,0.000000,0.000000,0.000000,0.000000,0.000000,0.000000,0.000000
2.000000,-0.589077,-0.529787,0.142344,0.418424,-1.061460,1.037372,-0.440216,0.068230,-1.809599,0.370684,0.167319,-0.048916,0.022928,-0.015165,0.004231,-0.000416,0.000000,0.000000,0.000000,0.000000,0.000000,0.000000,0.000000,0.000000,0.000000,0.000000,0.000000,0.000000,0.000000,0.000000,0.000000,0.000000
2.000000,-0.959784,0.129066,0.365999,1.195594,-3.864166,3.997302,-1.740058,0.272367,-0.691139,0.599587,-0.053009,-0.027921,-0.121570,0.179010,-0.094625,0.017154,0.000000,0.000000,0.000000,0.000000,0.000000,0.000000,0.000000,0.000000,0.000000,0.000000,0.000000,0.000000,0.000000,0.000000,0.000000,0.000000
